{ "LEFT_NAV_SETTINGS": [{ "id": "0", "label": "", "level": "0", "type": "parentFolder", "order": "", "child": [{
    "id": "1",
    "label": "Projects",
    "level": "1",
    "type": "folder",
    "order": "1",
    "child": [{
        "id": "11",
        "label": "Manage Organizations",
        "level": "2",
        "type": "task",
        "order": "1",
        "router-link": "organizations"
    }, {
        "id": "12",
        "label": "Manage Process",
        "level": "2",
        "type": "task",
        "order": "2"
    }, {
        "id": "13",
        "label": "Manage Rulesheets",
        "level": "2",
        "type": "task",
        "order": "3"
    }, {
        "id": "14",
        "label": "Manage Rules",
        "level": "2",
        "type": "folder",
        "order": "4",
        "child": [{
            "id": "141",
            "label": "Manage Facts",
            "level": "2",
            "type": "task",
            "order": "1"
        }, {
            "id": "142",
            "label": "Manage Actions",
            "level": "2",
            "type": "task",
            "order": "2"
        }]
    }, {
        "id": "15",
        "label": "Manage Facts",
        "level": "2",
        "type": "folder",
        "order": "5",
        "child": [{
            "id": "151",
            "label": "Manage MA Facts",
            "level": "2",
            "type": "task",
            "order": "1"
        }, {
            "id": "152",
            "label": "Manage APTC Facts",
            "level": "2",
            "type": "task",
            "order": "2"
        }, {
            "id": "153",
            "label": "Manage MC Facts",
            "level": "2",
            "type": "task",
            "order": "3"
        }, {
            "id": "154",
            "label": "Manage NB Facts",
            "level": "2",
            "type": "task",
            "order": "4"
        }, {
            "id": "155",
            "label": "Manage XYZ Facts",
            "level": "2",
            "type": "task",
            "order": "5"
        }]
    }]
}, {
    "id": "2",
    "label": "Releases",
    "level": "1",
    "type": "folder",
    "order": "2",
    "child": [{
        "id": "21",
        "label": "Release 1",
        "level": "2",
        "type": "task",
        "order": "1"
    }, {
        "id": "22",
        "label": "Release 1.2",
        "level": "2",
        "type": "task",
        "order": "2"
    }, {
        "id": "23",
        "label": "Release 1.3",
        "level": "2",
        "type": "task",
        "order": "3"
    }, {
        "id": "24",
        "label": "Release 2",
        "level": "2",
        "type": "task",
        "order": "4"
    }, {
        "id": "25",
        "label": "Release 2.1",
        "level": "2",
        "type": "task",
        "order": "5"
    }]
}] }]}